Player Name,Team,Sport,Match Date,Position,Country,Points/Goals,Assists,Minutes Played,Match Result
Player_22,Panthers,Cricket,01-01-2023,Guard,Brazil,51,1,39,Win
Player_2,Warriors,Football,02-01-2023,Bowler,Germany,92,14,91,Draw
Player_32,Storm,Cricket,03-01-2023,Forward,UK,14,7,26,Loss
Player_15,Storm,Football,04-01-2023,Batsman,UK,71,7,35,Draw
Player_43,Hawks,Basketball,05-01-2023,Batsman,Germany,60,16,17,Draw
Player_23,Hawks,Basketball,06-01-2023,Midfielder,Australia,20,11,56,Win
Player_46,Warriors,Cricket,07-01-2023,Midfielder,Australia,82,18,113,Loss
Player_32,Blazers,Basketball,08-01-2023,Guard,Brazil,86,9,85,Draw
Player_7,Warriors,Football,09-01-2023,Midfielder,Brazil,74,8,100,Draw
Player_17,Warriors,Cricket,10-01-2023,Goalkeeper,Australia,74,4,81,Loss
Player_42,Blazers,Basketball,11-01-2023,Guard,Germany,87,5,98,Win
Player_14,Warriors,Football,12-01-2023,Forward,Brazil,99,19,55,Loss
Player_32,Panthers,Cricket,13-01-2023,Goalkeeper,Brazil,23,1,77,Draw
Player_45,Warriors,Football,14-01-2023,Forward,Australia,2,12,42,Loss
Player_50,Blazers,Football,15-01-2023,Midfielder,Australia,21,5,10,Loss
Player_39,Blazers,Basketball,16-01-2023,Bowler,Brazil,52,4,28,Loss
Player_18,Falcons,Cricket,17-01-2023,Guard,UK,1,0,40,Win
Player_35,Titans,Cricket,18-01-2023,Midfielder,UK,87,5,89,Win
Player_11,Panthers,Basketball,19-01-2023,Batsman,Australia,29,5,23,Loss
Player_33,Titans,Football,20-01-2023,Batsman,USA,37,15,62,Draw
Player_43,Storm,Football,21-01-2023,Guard,India,1,3,57,Draw
Player_46,Warriors,Football,22-01-2023,Bowler,Australia,63,10,78,Loss
Player_6,Hawks,Basketball,23-01-2023,Midfielder,Australia,59,8,114,Win
Player_46,Dragons,Football,24-01-2023,Midfielder,India,20,2,99,Win
Player_45,Dragons,Basketball,25-01-2023,Guard,India,32,18,71,Draw
Player_25,Titans,Cricket,26-01-2023,Goalkeeper,USA,75,7,101,Loss
Player_34,Blazers,Basketball,27-01-2023,Forward,Australia,57,4,75,Win
Player_8,Titans,Basketball,28-01-2023,Goalkeeper,USA,21,3,73,Draw
Player_13,Dragons,Football,29-01-2023,Forward,USA,88,5,79,Loss
Player_20,Storm,Football,30-01-2023,Guard,Germany,48,1,72,Loss
Player_20,Panthers,Football,31-01-2023,Forward,India,90,19,82,Win
Player_45,Warriors,Basketball,01-02-2023,Batsman,UK,58,10,42,Win
Player_11,Storm,Cricket,02-02-2023,Bowler,Australia,41,3,50,Win
Player_40,Dragons,Cricket,03-02-2023,Bowler,Australia,91,14,98,Loss
Player_26,Falcons,Basketball,04-02-2023,Batsman,India,59,5,57,Loss
Player_47,Dragons,Cricket,05-02-2023,Forward,UK,79,16,22,Loss
Player_22,Hawks,Football,06-02-2023,Goalkeeper,Brazil,14,5,82,Loss
Player_34,Blazers,Cricket,07-02-2023,Forward,Brazil,61,18,86,Loss
Player_19,Hawks,Football,08-02-2023,Batsman,USA,61,1,40,Loss
Player_37,Falcons,Cricket,09-02-2023,Batsman,India,46,14,114,Loss
Player_15,Warriors,Football,10-02-2023,Forward,Germany,61,10,84,Draw
Player_41,Storm,Cricket,11-02-2023,Guard,India,50,7,77,Loss
Player_44,Falcons,Cricket,12-02-2023,Forward,Brazil,54,18,107,Loss
Player_48,Titans,Basketball,13-02-2023,Guard,Germany,63,12,111,Loss
Player_6,Hawks,Football,14-02-2023,Guard,USA,2,11,119,Win
Player_40,Panthers,Cricket,15-02-2023,Bowler,India,50,4,13,Win
Player_36,Dragons,Basketball,16-02-2023,Guard,Australia,6,5,111,Win
Player_30,Warriors,Basketball,17-02-2023,Goalkeeper,Germany,20,3,28,Loss
Player_18,Storm,Basketball,18-02-2023,Midfielder,Germany,72,18,79,Draw
Player_43,Warriors,Basketball,19-02-2023,Bowler,Brazil,38,19,107,Loss
Player_2,Panthers,Cricket,20-02-2023,Batsman,UK,17,0,91,Draw
Player_2,Warriors,Basketball,21-02-2023,Guard,Germany,3,19,22,Win
Player_24,Titans,Cricket,22-02-2023,Guard,India,88,16,114,Win
Player_41,Titans,Football,23-02-2023,Guard,India,59,11,32,Draw
Player_19,Titans,Basketball,24-02-2023,Goalkeeper,Australia,13,14,92,Loss
Player_43,Hawks,Cricket,25-02-2023,Batsman,Australia,8,0,118,Loss
Player_31,Panthers,Cricket,26-02-2023,Forward,UK,89,13,84,Win
Player_24,Storm,Football,27-02-2023,Forward,UK,52,5,10,Draw
Player_5,Hawks,Cricket,28-02-2023,Goalkeeper,UK,1,4,97,Loss
Player_16,Warriors,Cricket,01-03-2023,Forward,Brazil,83,10,63,Win
Player_25,Falcons,Basketball,02-03-2023,Forward,Germany,91,3,80,Win
Player_43,Storm,Cricket,03-03-2023,Goalkeeper,Germany,59,12,98,Win
Player_22,Falcons,Basketball,04-03-2023,Guard,Brazil,70,10,94,Draw
Player_44,Dragons,Basketball,05-03-2023,Guard,Australia,43,2,24,Loss
Player_27,Hawks,Cricket,06-03-2023,Batsman,India,7,0,74,Win
Player_8,Hawks,Football,07-03-2023,Guard,India,46,5,85,Draw
Player_44,Panthers,Basketball,08-03-2023,Forward,Germany,34,17,80,Win
Player_45,Warriors,Football,09-03-2023,Batsman,Australia,77,9,24,Loss
Player_18,Storm,Football,10-03-2023,Midfielder,India,80,4,30,Loss
Player_28,Warriors,Basketball,11-03-2023,Midfielder,UK,35,9,28,Loss
Player_36,Panthers,Basketball,12-03-2023,Forward,USA,49,11,69,Draw
Player_10,Blazers,Cricket,13-03-2023,Midfielder,USA,3,1,102,Win
Player_3,Warriors,Football,14-03-2023,Batsman,UK,1,12,98,Win
Player_6,Titans,Basketball,15-03-2023,Forward,USA,5,7,42,Loss
Player_11,Warriors,Football,16-03-2023,Guard,Australia,53,1,58,Loss
Player_26,Falcons,Football,17-03-2023,Goalkeeper,Germany,3,19,105,Draw
Player_2,Panthers,Basketball,18-03-2023,Guard,India,53,0,44,Win
Player_26,Panthers,Football,19-03-2023,Bowler,India,92,4,53,Win
Player_6,Warriors,Cricket,20-03-2023,Goalkeeper,UK,62,8,111,Draw
Player_15,Storm,Football,21-03-2023,Midfielder,UK,17,16,99,Draw
Player_31,Storm,Basketball,22-03-2023,Goalkeeper,Germany,89,8,20,Loss
Player_27,Dragons,Cricket,23-03-2023,Forward,UK,43,10,108,Win
Player_26,Falcons,Cricket,24-03-2023,Batsman,Australia,33,14,81,Loss
Player_12,Falcons,Cricket,25-03-2023,Batsman,USA,73,5,119,Draw
Player_14,Panthers,Football,26-03-2023,Batsman,Australia,61,2,87,Draw
Player_46,Hawks,Basketball,27-03-2023,Batsman,India,99,16,83,Win
Player_17,Hawks,Football,28-03-2023,Batsman,Germany,13,4,75,Win
Player_43,Storm,Basketball,29-03-2023,Forward,USA,94,11,55,Win
Player_8,Blazers,Football,30-03-2023,Bowler,Germany,47,17,18,Loss
Player_5,Falcons,Football,31-03-2023,Midfielder,UK,14,13,12,Loss
Player_43,Warriors,Cricket,01-04-2023,Bowler,USA,71,10,94,Loss
Player_27,Dragons,Cricket,02-04-2023,Goalkeeper,Germany,77,8,35,Draw
Player_2,Titans,Cricket,03-04-2023,Forward,UK,86,1,81,Win
Player_26,Hawks,Basketball,04-04-2023,Goalkeeper,Australia,61,11,57,Win
Player_40,Panthers,Basketball,05-04-2023,Forward,Australia,39,2,75,Win
Player_18,Warriors,Cricket,06-04-2023,Goalkeeper,Australia,84,2,79,Draw
Player_36,Warriors,Cricket,07-04-2023,Bowler,Australia,79,0,37,Draw
Player_25,Warriors,Basketball,08-04-2023,Guard,India,81,7,102,Loss
Player_50,Falcons,Cricket,09-04-2023,Batsman,UK,52,7,35,Loss
Player_15,Dragons,Basketball,10-04-2023,Forward,UK,23,10,34,Win
Player_40,Dragons,Football,11-04-2023,Guard,Brazil,25,8,21,Draw
Player_1,Falcons,Football,12-04-2023,Batsman,Australia,88,4,14,Win
Player_43,Panthers,Football,13-04-2023,Batsman,India,59,13,107,Win
Player_32,Dragons,Basketball,14-04-2023,Goalkeeper,Australia,40,2,57,Draw
Player_33,Hawks,Cricket,15-04-2023,Guard,Brazil,28,4,46,Loss
Player_11,Warriors,Football,16-04-2023,Guard,Germany,14,4,88,Draw
Player_47,Blazers,Basketball,17-04-2023,Batsman,India,44,18,53,Loss
Player_39,Hawks,Cricket,18-04-2023,Midfielder,Germany,64,13,109,Draw
Player_5,Titans,Cricket,19-04-2023,Forward,UK,88,3,24,Win
Player_36,Hawks,Cricket,20-04-2023,Guard,Brazil,70,12,52,Loss
Player_31,Blazers,Football,21-04-2023,Midfielder,Brazil,8,9,57,Draw
Player_22,Panthers,Football,22-04-2023,Guard,Australia,87,17,96,Draw
Player_23,Dragons,Cricket,23-04-2023,Midfielder,Germany,0,7,79,Win
Player_7,Warriors,Cricket,24-04-2023,Batsman,USA,7,7,55,Loss
Player_31,Blazers,Cricket,25-04-2023,Bowler,Brazil,87,6,117,Win
Player_50,Panthers,Football,26-04-2023,Goalkeeper,UK,62,7,52,Win
Player_46,Dragons,Cricket,27-04-2023,Forward,Germany,10,13,118,Draw
Player_10,Dragons,Basketball,28-04-2023,Forward,India,80,18,30,Win
Player_37,Falcons,Basketball,29-04-2023,Forward,USA,7,5,32,Loss
Player_21,Titans,Cricket,30-04-2023,Midfielder,India,34,0,116,Draw
Player_43,Blazers,Basketball,01-05-2023,Goalkeeper,USA,34,14,89,Loss
Player_38,Blazers,Cricket,02-05-2023,Guard,India,32,0,56,Draw
Player_13,Warriors,Football,03-05-2023,Bowler,Australia,4,16,24,Loss
Player_26,Blazers,Cricket,04-05-2023,Goalkeeper,Brazil,40,0,34,Win
Player_10,Warriors,Football,05-05-2023,Forward,Germany,27,14,45,Loss
Player_7,Titans,Football,06-05-2023,Batsman,Brazil,6,1,84,Draw
Player_18,Warriors,Basketball,07-05-2023,Goalkeeper,Germany,72,13,60,Loss
Player_45,Hawks,Football,08-05-2023,Bowler,Australia,71,7,24,Win
Player_22,Falcons,Cricket,09-05-2023,Midfielder,Brazil,11,7,77,Loss
Player_10,Warriors,Football,10-05-2023,Batsman,UK,33,18,30,Draw
Player_8,Titans,Basketball,11-05-2023,Guard,USA,32,6,22,Draw
Player_16,Panthers,Football,12-05-2023,Batsman,Australia,47,18,95,Win
Player_12,Titans,Football,13-05-2023,Forward,USA,22,5,28,Win
Player_42,Storm,Football,14-05-2023,Forward,Germany,61,5,43,Draw
Player_20,Hawks,Cricket,15-05-2023,Goalkeeper,India,87,2,87,Draw
Player_13,Dragons,Basketball,16-05-2023,Guard,India,36,6,77,Loss
Player_23,Hawks,Cricket,17-05-2023,Bowler,USA,98,18,61,Draw
Player_13,Panthers,Cricket,18-05-2023,Goalkeeper,Australia,43,7,119,Win
Player_3,Warriors,Basketball,19-05-2023,Batsman,USA,85,9,36,Loss
Player_50,Titans,Football,20-05-2023,Forward,India,90,19,38,Loss
Player_49,Panthers,Football,21-05-2023,Midfielder,India,34,14,37,Win
Player_45,Titans,Cricket,22-05-2023,Forward,USA,64,14,44,Loss
Player_25,Falcons,Basketball,23-05-2023,Batsman,Australia,98,0,17,Loss
Player_15,Hawks,Cricket,24-05-2023,Bowler,Australia,46,19,25,Loss
Player_20,Panthers,Football,25-05-2023,Bowler,Brazil,77,6,115,Draw
Player_4,Blazers,Football,26-05-2023,Midfielder,UK,2,3,45,Win
Player_33,Panthers,Football,27-05-2023,Midfielder,UK,0,5,39,Win
Player_22,Falcons,Football,28-05-2023,Goalkeeper,UK,4,0,27,Draw
Player_30,Warriors,Basketball,29-05-2023,Batsman,Australia,89,4,11,Win
Player_10,Blazers,Basketball,30-05-2023,Bowler,Australia,13,0,58,Loss
Player_25,Dragons,Cricket,31-05-2023,Bowler,USA,26,3,86,Draw
Player_39,Storm,Basketball,01-06-2023,Goalkeeper,Australia,8,1,13,Win
Player_7,Blazers,Basketball,02-06-2023,Bowler,Germany,78,9,99,Win
Player_12,Warriors,Basketball,03-06-2023,Bowler,UK,14,4,98,Draw
Player_7,Falcons,Football,04-06-2023,Goalkeeper,USA,89,9,103,Draw
Player_5,Hawks,Cricket,05-06-2023,Bowler,Brazil,41,0,84,Loss
Player_29,Hawks,Cricket,06-06-2023,Bowler,Germany,76,5,16,Draw
Player_35,Blazers,Cricket,07-06-2023,Batsman,USA,50,12,104,Draw
Player_48,Hawks,Cricket,08-06-2023,Midfielder,Brazil,62,14,117,Loss
Player_45,Blazers,Football,09-06-2023,Goalkeeper,Germany,95,3,83,Draw
Player_47,Hawks,Basketball,10-06-2023,Batsman,Brazil,51,12,48,Loss
Player_27,Blazers,Football,11-06-2023,Forward,UK,95,19,22,Draw
Player_18,Warriors,Cricket,12-06-2023,Midfielder,Germany,3,14,40,Win
Player_33,Dragons,Cricket,13-06-2023,Midfielder,USA,93,7,80,Draw
Player_28,Hawks,Football,14-06-2023,Midfielder,Germany,22,4,72,Draw
Player_40,Warriors,Basketball,15-06-2023,Midfielder,USA,14,14,65,Draw
Player_11,Warriors,Basketball,16-06-2023,Goalkeeper,UK,42,3,51,Draw
Player_50,Panthers,Basketball,17-06-2023,Midfielder,USA,28,11,70,Draw
Player_22,Hawks,Basketball,18-06-2023,Forward,Brazil,35,12,51,Win
Player_37,Blazers,Cricket,19-06-2023,Bowler,India,12,1,65,Loss
Player_14,Dragons,Football,20-06-2023,Bowler,India,31,18,45,Draw
Player_21,Dragons,Cricket,21-06-2023,Bowler,UK,70,18,93,Loss
Player_45,Dragons,Basketball,22-06-2023,Goalkeeper,UK,58,3,77,Loss
Player_13,Storm,Cricket,23-06-2023,Midfielder,UK,85,3,16,Draw
Player_11,Storm,Football,24-06-2023,Bowler,India,27,10,63,Win
Player_15,Blazers,Basketball,25-06-2023,Forward,India,65,4,10,Loss
Player_44,Warriors,Football,26-06-2023,Midfielder,USA,41,19,53,Win
Player_45,Warriors,Basketball,27-06-2023,Bowler,Germany,44,10,54,Win
Player_33,Dragons,Basketball,28-06-2023,Batsman,Germany,61,9,115,Draw
Player_21,Dragons,Cricket,29-06-2023,Midfielder,Brazil,56,7,56,Win
Player_28,Blazers,Cricket,30-06-2023,Bowler,India,5,5,22,Draw
Player_23,Dragons,Basketball,01-07-2023,Forward,UK,27,5,31,Draw
Player_33,Panthers,Cricket,02-07-2023,Bowler,Brazil,27,7,30,Draw
Player_32,Titans,Football,03-07-2023,Forward,USA,43,14,95,Draw
Player_21,Storm,Cricket,04-07-2023,Forward,UK,83,13,101,Win
Player_34,Panthers,Basketball,05-07-2023,Guard,Australia,29,10,18,Draw
Player_14,Storm,Cricket,06-07-2023,Bowler,UK,61,11,35,Loss
Player_2,Blazers,Football,07-07-2023,Batsman,India,74,12,18,Draw
Player_29,Panthers,Basketball,08-07-2023,Midfielder,India,91,7,24,Draw
Player_7,Panthers,Basketball,09-07-2023,Bowler,Germany,88,17,19,Draw
Player_1,Falcons,Basketball,10-07-2023,Goalkeeper,Germany,61,0,97,Win
Player_31,Blazers,Football,11-07-2023,Bowler,USA,96,14,51,Loss
Player_12,Titans,Basketball,12-07-2023,Batsman,Australia,0,7,81,Draw
Player_12,Hawks,Basketball,13-07-2023,Batsman,USA,26,10,33,Win
Player_10,Storm,Football,14-07-2023,Goalkeeper,India,61,11,89,Draw
Player_22,Blazers,Cricket,15-07-2023,Forward,Germany,76,11,58,Draw
Player_15,Storm,Football,16-07-2023,Midfielder,UK,2,3,35,Loss
Player_17,Falcons,Football,17-07-2023,Bowler,Germany,69,15,100,Win
Player_16,Warriors,Football,18-07-2023,Forward,Australia,71,3,46,Loss
Player_1,Panthers,Cricket,19-07-2023,Forward,USA,26,4,77,Loss
Player_44,Dragons,Basketball,20-07-2023,Midfielder,India,8,4,59,Win
Player_22,Panthers,Football,21-07-2023,Batsman,Germany,61,7,33,Win
Player_1,Panthers,Cricket,22-07-2023,Batsman,Germany,36,9,28,Draw
Player_36,Panthers,Basketball,23-07-2023,Goalkeeper,USA,96,16,109,Win
Player_16,Titans,Basketball,24-07-2023,Midfielder,Germany,50,8,69,Draw
Player_36,Blazers,Basketball,25-07-2023,Goalkeeper,Brazil,43,18,48,Draw
Player_22,Blazers,Cricket,26-07-2023,Bowler,India,23,13,83,Loss
Player_34,Storm,Cricket,27-07-2023,Bowler,Brazil,78,7,98,Loss
Player_9,Falcons,Basketball,28-07-2023,Bowler,Germany,58,8,27,Loss
Player_35,Panthers,Basketball,29-07-2023,Guard,Germany,31,10,28,Loss
Player_35,Warriors,Cricket,30-07-2023,Midfielder,USA,95,0,45,Loss
Player_30,Blazers,Football,31-07-2023,Bowler,India,87,13,83,Draw
Player_47,Panthers,Football,01-08-2023,Midfielder,USA,51,4,106,Draw
Player_28,Titans,Football,02-08-2023,Midfielder,Brazil,61,13,64,Loss
Player_4,Panthers,Cricket,03-08-2023,Forward,USA,57,3,78,Draw
Player_11,Storm,Football,04-08-2023,Batsman,Brazil,51,0,56,Draw
Player_16,Dragons,Football,05-08-2023,Bowler,Australia,11,18,58,Loss
Player_13,Dragons,Basketball,06-08-2023,Bowler,Brazil,38,7,108,Loss
Player_9,Dragons,Cricket,07-08-2023,Midfielder,Australia,1,14,117,Win
Player_32,Storm,Cricket,08-08-2023,Guard,UK,2,14,107,Win
Player_1,Dragons,Cricket,09-08-2023,Forward,USA,55,8,42,Loss
Player_39,Warriors,Football,10-08-2023,Guard,Australia,80,8,30,Loss
Player_31,Storm,Football,11-08-2023,Batsman,UK,58,9,90,Draw
Player_47,Falcons,Football,12-08-2023,Guard,Australia,1,19,31,Draw
Player_22,Panthers,Cricket,13-08-2023,Forward,Australia,1,8,57,Win
Player_15,Blazers,Cricket,14-08-2023,Guard,Australia,91,2,46,Loss
Player_27,Storm,Basketball,15-08-2023,Midfielder,Australia,53,19,24,Win
Player_41,Panthers,Basketball,16-08-2023,Bowler,Australia,86,10,44,Draw
Player_6,Storm,Basketball,17-08-2023,Guard,Australia,95,5,101,Loss
Player_24,Blazers,Cricket,18-08-2023,Bowler,Germany,96,1,80,Loss
Player_42,Panthers,Basketball,19-08-2023,Forward,Brazil,0,6,41,Loss
Player_10,Blazers,Basketball,20-08-2023,Batsman,Brazil,18,17,20,Draw
Player_9,Blazers,Basketball,21-08-2023,Midfielder,Brazil,1,1,19,Draw
Player_26,Warriors,Cricket,22-08-2023,Midfielder,Australia,52,16,82,Draw
Player_9,Blazers,Cricket,23-08-2023,Midfielder,Germany,43,10,87,Win
Player_28,Dragons,Basketball,24-08-2023,Midfielder,Brazil,89,11,86,Win
Player_31,Panthers,Cricket,25-08-2023,Batsman,Australia,31,18,66,Loss
Player_5,Warriors,Cricket,26-08-2023,Bowler,UK,69,6,34,Loss
Player_16,Falcons,Cricket,27-08-2023,Batsman,Australia,31,19,11,Loss
Player_27,Dragons,Cricket,28-08-2023,Guard,USA,67,5,73,Win
Player_50,Panthers,Cricket,29-08-2023,Batsman,Brazil,54,0,44,Draw
Player_9,Storm,Football,30-08-2023,Goalkeeper,UK,74,16,16,Draw
Player_45,Warriors,Basketball,31-08-2023,Guard,Germany,55,10,94,Win
Player_32,Hawks,Cricket,01-09-2023,Batsman,UK,16,17,27,Draw
Player_16,Dragons,Basketball,02-09-2023,Goalkeeper,Brazil,37,16,76,Loss
Player_23,Titans,Cricket,03-09-2023,Midfielder,Germany,23,6,51,Draw
Player_12,Blazers,Football,04-09-2023,Guard,USA,68,16,48,Loss
Player_1,Hawks,Football,05-09-2023,Bowler,Germany,97,19,50,Loss
Player_23,Warriors,Basketball,06-09-2023,Midfielder,Germany,69,8,84,Draw
Player_47,Blazers,Cricket,07-09-2023,Guard,Australia,85,16,112,Loss
Player_29,Warriors,Basketball,08-09-2023,Bowler,India,10,19,33,Loss
Player_4,Hawks,Football,09-09-2023,Bowler,UK,15,7,69,Draw
Player_25,Storm,Cricket,10-09-2023,Midfielder,Brazil,96,16,55,Draw
Player_20,Storm,Cricket,11-09-2023,Guard,India,72,6,28,Win
Player_15,Hawks,Cricket,12-09-2023,Guard,Brazil,58,0,77,Loss
Player_44,Titans,Cricket,13-09-2023,Goalkeeper,UK,69,12,99,Draw
Player_8,Dragons,Basketball,14-09-2023,Guard,Australia,79,18,111,Win
Player_42,Titans,Football,15-09-2023,Forward,Australia,92,18,51,Draw
Player_34,Warriors,Football,16-09-2023,Midfielder,USA,2,16,41,Win
Player_23,Titans,Cricket,17-09-2023,Batsman,UK,19,12,48,Win
Player_25,Dragons,Basketball,18-09-2023,Guard,India,58,15,118,Loss
Player_11,Falcons,Football,19-09-2023,Forward,India,35,7,119,Loss
Player_21,Hawks,Basketball,20-09-2023,Guard,UK,18,18,45,Win
Player_2,Panthers,Football,21-09-2023,Midfielder,Germany,89,17,113,Draw
Player_37,Dragons,Football,22-09-2023,Batsman,India,66,0,110,Loss
Player_26,Blazers,Football,23-09-2023,Goalkeeper,Brazil,18,13,106,Loss
Player_41,Falcons,Cricket,24-09-2023,Batsman,Australia,19,18,45,Draw
Player_11,Falcons,Cricket,25-09-2023,Guard,Germany,95,14,12,Win
Player_32,Dragons,Football,26-09-2023,Batsman,UK,70,17,82,Loss
Player_36,Blazers,Basketball,27-09-2023,Batsman,Germany,51,1,17,Draw
Player_9,Falcons,Cricket,28-09-2023,Forward,USA,32,16,106,Loss
Player_8,Hawks,Basketball,29-09-2023,Midfielder,Brazil,39,17,79,Win
Player_33,Blazers,Basketball,30-09-2023,Bowler,Germany,38,5,50,Loss
Player_18,Hawks,Basketball,01-10-2023,Guard,Brazil,81,18,112,Loss
Player_4,Blazers,Basketball,02-10-2023,Goalkeeper,UK,0,3,77,Win
Player_47,Blazers,Cricket,03-10-2023,Goalkeeper,UK,10,0,22,Draw
Player_46,Warriors,Cricket,04-10-2023,Bowler,Germany,91,7,58,Draw
Player_4,Blazers,Football,05-10-2023,Bowler,USA,56,6,69,Win
Player_24,Blazers,Cricket,06-10-2023,Guard,UK,88,2,11,Loss
Player_5,Blazers,Cricket,07-10-2023,Guard,Australia,49,9,69,Loss
Player_46,Storm,Football,08-10-2023,Midfielder,Australia,22,9,14,Loss
Player_3,Dragons,Basketball,09-10-2023,Forward,Brazil,30,18,53,Win
Player_21,Dragons,Football,10-10-2023,Batsman,UK,93,13,36,Draw
Player_23,Titans,Football,11-10-2023,Forward,UK,41,1,41,Win
Player_42,Storm,Cricket,12-10-2023,Midfielder,UK,98,0,30,Win
Player_22,Panthers,Cricket,13-10-2023,Bowler,India,6,17,17,Win
Player_34,Storm,Basketball,14-10-2023,Bowler,UK,15,6,111,Loss
Player_41,Hawks,Football,15-10-2023,Batsman,Brazil,89,7,81,Win
Player_4,Panthers,Football,16-10-2023,Midfielder,Australia,59,0,59,Loss
Player_43,Falcons,Football,17-10-2023,Goalkeeper,Germany,1,2,76,Loss
Player_45,Storm,Cricket,18-10-2023,Midfielder,USA,0,7,53,Draw
Player_5,Falcons,Basketball,19-10-2023,Forward,Australia,47,14,67,Loss
Player_2,Warriors,Basketball,20-10-2023,Batsman,USA,11,4,12,Draw
Player_1,Blazers,Basketball,21-10-2023,Batsman,USA,68,2,95,Win
Player_10,Blazers,Basketball,22-10-2023,Guard,UK,36,18,79,Loss
Player_24,Panthers,Cricket,23-10-2023,Goalkeeper,India,31,0,11,Draw
Player_35,Panthers,Cricket,24-10-2023,Forward,Germany,8,14,96,Loss
Player_24,Storm,Football,25-10-2023,Guard,UK,98,7,53,Win
Player_42,Titans,Cricket,26-10-2023,Forward,Australia,18,1,11,Draw
Player_19,Dragons,Cricket,27-10-2023,Bowler,USA,47,2,111,Win
Player_23,Panthers,Basketball,28-10-2023,Guard,Brazil,79,13,90,Loss
Player_18,Panthers,Cricket,29-10-2023,Bowler,Brazil,2,13,44,Draw
Player_14,Warriors,Basketball,30-10-2023,Guard,Australia,19,10,107,Win
Player_30,Titans,Basketball,31-10-2023,Goalkeeper,Germany,23,15,96,Loss
Player_6,Titans,Cricket,01-11-2023,Midfielder,India,53,3,39,Draw
Player_29,Panthers,Cricket,02-11-2023,Guard,India,32,19,17,Loss
Player_30,Storm,Football,03-11-2023,Forward,USA,23,4,31,Draw
Player_3,Falcons,Cricket,04-11-2023,Bowler,Germany,74,13,53,Draw
Player_26,Panthers,Basketball,05-11-2023,Guard,USA,71,15,67,Loss
Player_22,Hawks,Cricket,06-11-2023,Goalkeeper,USA,35,17,45,Win
Player_46,Blazers,Cricket,07-11-2023,Goalkeeper,UK,37,6,78,Draw
Player_27,Titans,Basketball,08-11-2023,Goalkeeper,UK,83,9,86,Draw
Player_39,Storm,Basketball,09-11-2023,Midfielder,USA,98,6,102,Win
Player_9,Panthers,Cricket,10-11-2023,Guard,Australia,88,0,40,Win
Player_31,Hawks,Basketball,11-11-2023,Guard,Germany,98,18,56,Draw
Player_42,Titans,Basketball,12-11-2023,Goalkeeper,UK,24,15,64,Draw
Player_29,Storm,Cricket,13-11-2023,Forward,UK,92,18,89,Win
Player_18,Titans,Cricket,14-11-2023,Guard,Australia,17,3,115,Loss
Player_10,Warriors,Football,15-11-2023,Goalkeeper,Australia,81,17,71,Loss
Player_24,Panthers,Cricket,16-11-2023,Bowler,USA,65,1,39,Win
Player_14,Panthers,Cricket,17-11-2023,Bowler,Australia,53,0,64,Loss
Player_2,Panthers,Football,18-11-2023,Goalkeeper,India,34,14,25,Win
Player_8,Warriors,Football,19-11-2023,Batsman,Germany,79,4,21,Draw
Player_22,Blazers,Basketball,20-11-2023,Forward,UK,60,19,26,Draw
Player_35,Hawks,Football,21-11-2023,Batsman,UK,40,10,25,Draw
Player_11,Panthers,Basketball,22-11-2023,Forward,Germany,99,9,21,Loss
Player_14,Panthers,Basketball,23-11-2023,Goalkeeper,India,32,1,17,Win
Player_33,Titans,Basketball,24-11-2023,Bowler,Germany,67,2,93,Win
Player_33,Blazers,Basketball,25-11-2023,Guard,Germany,32,11,12,Win
Player_10,Dragons,Basketball,26-11-2023,Goalkeeper,UK,13,19,25,Win
Player_48,Storm,Basketball,27-11-2023,Goalkeeper,USA,20,4,39,Win
Player_27,Hawks,Football,28-11-2023,Guard,Australia,47,4,118,Draw
Player_44,Dragons,Cricket,29-11-2023,Bowler,UK,19,5,32,Draw
Player_20,Panthers,Football,30-11-2023,Midfielder,India,7,8,101,Loss
Player_22,Hawks,Cricket,01-12-2023,Bowler,India,6,1,113,Draw
Player_23,Hawks,Football,02-12-2023,Batsman,Germany,66,11,14,Win
Player_7,Storm,Cricket,03-12-2023,Bowler,USA,16,2,93,Loss
Player_3,Titans,Cricket,04-12-2023,Guard,Germany,32,19,113,Loss
Player_19,Dragons,Football,05-12-2023,Guard,India,47,11,117,Draw
Player_31,Blazers,Cricket,06-12-2023,Guard,Germany,75,16,74,Loss
Player_39,Falcons,Cricket,07-12-2023,Forward,USA,58,9,39,Draw
Player_46,Hawks,Football,08-12-2023,Goalkeeper,India,85,13,30,Win
Player_11,Falcons,Cricket,09-12-2023,Guard,Brazil,21,16,93,Loss
Player_1,Storm,Basketball,10-12-2023,Bowler,Brazil,29,17,79,Draw
Player_3,Hawks,Cricket,11-12-2023,Batsman,Brazil,37,18,31,Loss
Player_8,Storm,Football,12-12-2023,Batsman,UK,50,16,91,Loss
Player_4,Panthers,Football,13-12-2023,Forward,UK,53,13,81,Draw
Player_5,Falcons,Football,14-12-2023,Batsman,Australia,7,8,112,Draw
Player_40,Hawks,Football,15-12-2023,Forward,UK,26,7,41,Win
Player_38,Falcons,Basketball,16-12-2023,Midfielder,Brazil,26,1,42,Loss
Player_45,Warriors,Basketball,17-12-2023,Guard,Brazil,97,12,25,Win
Player_2,Storm,Basketball,18-12-2023,Bowler,Australia,20,6,85,Loss
Player_21,Blazers,Basketball,19-12-2023,Forward,USA,29,8,47,Win
Player_6,Storm,Football,20-12-2023,Midfielder,Germany,96,10,107,Loss
Player_16,Falcons,Football,21-12-2023,Guard,Australia,27,13,23,Draw
Player_23,Dragons,Football,22-12-2023,Goalkeeper,India,63,3,45,Win
Player_34,Falcons,Football,23-12-2023,Batsman,Germany,96,12,106,Loss
Player_3,Titans,Cricket,24-12-2023,Batsman,USA,68,1,32,Win
Player_27,Storm,Basketball,25-12-2023,Midfielder,India,60,4,118,Win
Player_37,Blazers,Basketball,26-12-2023,Guard,Australia,47,10,75,Loss
Player_14,Panthers,Football,27-12-2023,Goalkeeper,USA,18,5,114,Win
Player_18,Panthers,Football,28-12-2023,Goalkeeper,USA,3,17,94,Draw
Player_10,Dragons,Cricket,29-12-2023,Bowler,India,34,9,11,Draw
Player_14,Blazers,Football,30-12-2023,Forward,India,63,3,100,Draw
Player_1,Dragons,Cricket,31-12-2023,Guard,Germany,48,8,82,Loss
Player_13,Falcons,Basketball,01-01-2024,Goalkeeper,USA,16,5,74,Loss
Player_28,Blazers,Football,02-01-2024,Guard,Australia,43,1,84,Loss
Player_30,Falcons,Football,03-01-2024,Bowler,Germany,91,16,76,Loss
Player_35,Hawks,Cricket,04-01-2024,Bowler,USA,29,4,61,Draw
Player_43,Blazers,Cricket,05-01-2024,Forward,USA,92,5,71,Draw
Player_6,Dragons,Basketball,06-01-2024,Goalkeeper,UK,45,11,32,Win
Player_22,Blazers,Football,07-01-2024,Batsman,Australia,5,9,35,Draw
Player_8,Warriors,Basketball,08-01-2024,Guard,India,98,5,77,Loss
Player_2,Storm,Basketball,09-01-2024,Batsman,Germany,36,7,91,Loss
Player_23,Warriors,Cricket,10-01-2024,Guard,UK,23,1,64,Loss
Player_39,Dragons,Basketball,11-01-2024,Guard,UK,92,11,15,Loss
Player_26,Dragons,Basketball,12-01-2024,Forward,UK,45,12,44,Loss
Player_9,Falcons,Cricket,13-01-2024,Midfielder,India,52,6,31,Loss
Player_5,Storm,Basketball,14-01-2024,Goalkeeper,India,94,9,52,Win
Player_36,Titans,Cricket,15-01-2024,Bowler,Germany,98,12,24,Win
Player_12,Dragons,Cricket,16-01-2024,Guard,UK,59,16,95,Win
Player_8,Blazers,Cricket,17-01-2024,Guard,USA,96,13,69,Loss
Player_36,Storm,Football,18-01-2024,Bowler,Brazil,62,1,110,Draw
Player_6,Hawks,Cricket,19-01-2024,Forward,Brazil,84,10,115,Draw
Player_6,Blazers,Football,20-01-2024,Bowler,UK,31,0,21,Loss
Player_26,Dragons,Basketball,21-01-2024,Midfielder,UK,86,18,58,Loss
Player_5,Blazers,Cricket,22-01-2024,Forward,India,32,3,51,Draw
Player_49,Blazers,Basketball,23-01-2024,Batsman,Brazil,66,18,47,Loss
Player_14,Titans,Basketball,24-01-2024,Bowler,India,17,10,91,Loss
Player_26,Hawks,Basketball,25-01-2024,Bowler,Germany,24,7,54,Win
Player_19,Hawks,Basketball,26-01-2024,Goalkeeper,Germany,94,10,44,Win
Player_9,Hawks,Football,27-01-2024,Forward,Brazil,53,3,39,Win
Player_25,Falcons,Basketball,28-01-2024,Batsman,Germany,57,16,97,Win
Player_5,Hawks,Football,29-01-2024,Batsman,India,66,6,115,Draw
Player_20,Blazers,Basketball,30-01-2024,Forward,UK,45,7,39,Draw
Player_39,Hawks,Cricket,31-01-2024,Bowler,Germany,23,2,87,Draw
Player_30,Warriors,Cricket,01-02-2024,Batsman,USA,31,1,15,Loss
Player_43,Hawks,Basketball,02-02-2024,Goalkeeper,Australia,46,14,76,Win
Player_45,Falcons,Basketball,03-02-2024,Goalkeeper,USA,85,4,89,Win
Player_3,Dragons,Cricket,04-02-2024,Goalkeeper,Brazil,22,0,16,Draw
Player_30,Falcons,Basketball,05-02-2024,Forward,Australia,65,3,61,Win
Player_41,Hawks,Cricket,06-02-2024,Forward,India,26,14,23,Loss
Player_30,Storm,Football,07-02-2024,Guard,Germany,1,19,82,Loss
Player_15,Falcons,Football,08-02-2024,Goalkeeper,USA,89,18,24,Draw
Player_33,Dragons,Cricket,09-02-2024,Forward,India,16,2,30,Draw
Player_32,Falcons,Cricket,10-02-2024,Guard,Germany,32,19,44,Loss
Player_3,Blazers,Football,11-02-2024,Batsman,USA,8,10,75,Win
Player_43,Blazers,Football,12-02-2024,Bowler,Brazil,42,16,100,Draw
Player_13,Dragons,Football,13-02-2024,Goalkeeper,USA,47,12,11,Win
Player_18,Panthers,Football,14-02-2024,Guard,Brazil,38,10,44,Win
Player_27,Falcons,Football,15-02-2024,Batsman,USA,92,1,91,Draw
Player_28,Panthers,Football,16-02-2024,Batsman,Brazil,41,8,87,Win
Player_7,Hawks,Cricket,17-02-2024,Forward,Germany,25,1,29,Loss
Player_7,Storm,Cricket,18-02-2024,Goalkeeper,India,98,8,91,Loss
Player_32,Blazers,Football,19-02-2024,Midfielder,USA,49,8,19,Win
Player_3,Storm,Cricket,20-02-2024,Guard,India,24,7,34,Draw
Player_42,Blazers,Basketball,21-02-2024,Midfielder,Brazil,23,16,75,Win
Player_43,Panthers,Football,22-02-2024,Batsman,Germany,12,0,34,Draw
Player_19,Dragons,Cricket,23-02-2024,Bowler,Brazil,59,10,63,Draw
Player_7,Warriors,Football,24-02-2024,Batsman,Australia,6,7,42,Win
Player_27,Panthers,Football,25-02-2024,Goalkeeper,India,56,9,45,Win
Player_27,Titans,Basketball,26-02-2024,Goalkeeper,Brazil,35,6,104,Loss
Player_46,Falcons,Cricket,27-02-2024,Forward,Germany,44,2,23,Win
Player_10,Warriors,Football,28-02-2024,Batsman,Australia,19,2,74,Loss
Player_4,Titans,Football,29-02-2024,Guard,Brazil,64,17,119,Loss
Player_46,Dragons,Basketball,01-03-2024,Batsman,India,7,4,89,Loss
Player_29,Warriors,Cricket,02-03-2024,Batsman,Germany,15,11,63,Draw
Player_24,Blazers,Basketball,03-03-2024,Forward,Brazil,13,11,119,Draw
Player_40,Storm,Football,04-03-2024,Bowler,India,75,18,61,Loss
Player_41,Hawks,Football,05-03-2024,Midfielder,USA,86,5,12,Loss
Player_4,Falcons,Basketball,06-03-2024,Forward,UK,14,1,108,Loss
Player_39,Storm,Basketball,07-03-2024,Forward,India,91,11,50,Draw
Player_49,Panthers,Cricket,08-03-2024,Midfielder,Australia,97,18,15,Draw
Player_6,Storm,Football,09-03-2024,Forward,Brazil,65,4,34,Win
Player_25,Dragons,Basketball,10-03-2024,Goalkeeper,Germany,31,11,22,Loss
Player_23,Falcons,Football,11-03-2024,Bowler,USA,86,16,107,Loss
Player_9,Storm,Basketball,12-03-2024,Batsman,India,62,16,17,Win
Player_16,Panthers,Basketball,13-03-2024,Midfielder,Australia,85,9,30,Loss
Player_29,Storm,Cricket,14-03-2024,Goalkeeper,Germany,50,16,107,Loss
Player_39,Blazers,Basketball,15-03-2024,Forward,Germany,24,14,77,Loss
Player_26,Titans,Cricket,16-03-2024,Midfielder,Germany,57,11,34,Win
Player_24,Titans,Cricket,17-03-2024,Goalkeeper,India,62,15,88,Win
Player_42,Blazers,Football,18-03-2024,Forward,USA,61,18,77,Win
Player_29,Dragons,Football,19-03-2024,Guard,Brazil,21,7,54,Draw
Player_37,Panthers,Basketball,20-03-2024,Midfielder,India,57,16,69,Win
Player_8,Blazers,Cricket,21-03-2024,Bowler,UK,57,4,21,Win
Player_39,Panthers,Football,22-03-2024,Batsman,Australia,85,15,41,Win
Player_35,Hawks,Basketball,23-03-2024,Guard,Germany,48,5,105,Win
Player_14,Falcons,Basketball,24-03-2024,Bowler,Germany,51,7,101,Win
Player_1,Storm,Basketball,25-03-2024,Guard,Germany,41,17,22,Loss
Player_42,Warriors,Football,26-03-2024,Guard,Australia,69,11,40,Loss
Player_41,Hawks,Football,27-03-2024,Goalkeeper,Germany,14,14,87,Draw
Player_18,Dragons,Football,28-03-2024,Bowler,UK,53,8,29,Loss
Player_47,Warriors,Football,29-03-2024,Guard,Brazil,59,12,27,Win
Player_38,Storm,Cricket,30-03-2024,Batsman,Brazil,96,14,102,Draw
Player_6,Storm,Basketball,31-03-2024,Goalkeeper,UK,7,9,69,Draw
Player_15,Titans,Basketball,01-04-2024,Forward,Australia,52,15,72,Draw
Player_17,Warriors,Basketball,02-04-2024,Bowler,USA,59,6,15,Loss
Player_23,Falcons,Cricket,03-04-2024,Batsman,USA,4,16,41,Loss
Player_18,Blazers,Basketball,04-04-2024,Guard,USA,67,6,102,Draw
Player_48,Falcons,Football,05-04-2024,Bowler,India,5,13,52,Win
Player_46,Falcons,Football,06-04-2024,Batsman,India,95,14,11,Loss
Player_24,Hawks,Cricket,07-04-2024,Goalkeeper,India,93,6,69,Loss
Player_15,Falcons,Basketball,08-04-2024,Bowler,Brazil,46,8,32,Draw
Player_38,Hawks,Cricket,09-04-2024,Batsman,Germany,98,18,92,Win
Player_43,Panthers,Basketball,10-04-2024,Guard,Australia,54,15,40,Loss
Player_50,Dragons,Cricket,11-04-2024,Midfielder,India,39,7,14,Win
Player_48,Storm,Cricket,12-04-2024,Bowler,Germany,51,17,92,Win
Player_47,Blazers,Cricket,13-04-2024,Guard,Germany,15,17,43,Win
Player_43,Blazers,Football,14-04-2024,Goalkeeper,USA,12,19,19,Draw
Player_9,Panthers,Football,15-04-2024,Bowler,Brazil,29,6,98,Loss
Player_30,Panthers,Football,16-04-2024,Forward,USA,18,2,11,Win
Player_42,Hawks,Basketball,17-04-2024,Forward,Australia,16,17,20,Draw
Player_36,Warriors,Basketball,18-04-2024,Midfielder,UK,62,9,59,Draw
Player_16,Warriors,Cricket,19-04-2024,Forward,Australia,18,6,40,Win
Player_32,Blazers,Football,20-04-2024,Batsman,India,91,16,65,Draw
Player_42,Blazers,Cricket,21-04-2024,Goalkeeper,Brazil,57,13,88,Draw
Player_28,Warriors,Cricket,22-04-2024,Goalkeeper,Germany,54,2,82,Loss
Player_1,Blazers,Cricket,23-04-2024,Midfielder,Germany,89,11,96,Draw
Player_30,Titans,Cricket,24-04-2024,Forward,India,89,12,92,Loss
Player_31,Hawks,Football,25-04-2024,Batsman,India,61,1,18,Win
Player_42,Blazers,Basketball,26-04-2024,Goalkeeper,Australia,22,2,108,Draw
Player_14,Storm,Cricket,27-04-2024,Batsman,USA,8,4,30,Loss
Player_35,Falcons,Cricket,28-04-2024,Midfielder,Germany,11,10,82,Draw
Player_8,Blazers,Football,29-04-2024,Goalkeeper,India,0,7,37,Win
Player_11,Dragons,Football,30-04-2024,Goalkeeper,Germany,57,11,71,Draw
Player_19,Titans,Cricket,01-05-2024,Batsman,UK,0,6,119,Loss
Player_43,Titans,Basketball,02-05-2024,Goalkeeper,Australia,33,14,16,Draw
Player_22,Falcons,Basketball,03-05-2024,Goalkeeper,USA,95,16,89,Win
Player_12,Warriors,Football,04-05-2024,Bowler,UK,47,3,25,Loss
Player_40,Hawks,Cricket,05-05-2024,Guard,UK,88,12,106,Win
Player_40,Hawks,Cricket,06-05-2024,Bowler,India,0,17,13,Loss
Player_35,Warriors,Basketball,07-05-2024,Forward,India,15,0,13,Loss
Player_14,Warriors,Cricket,08-05-2024,Goalkeeper,Germany,60,15,112,Draw
Player_34,Dragons,Cricket,09-05-2024,Batsman,Germany,63,12,49,Win
Player_50,Falcons,Cricket,10-05-2024,Midfielder,Brazil,62,9,26,Draw
Player_3,Hawks,Football,11-05-2024,Guard,Brazil,68,11,110,Draw
Player_14,Blazers,Cricket,12-05-2024,Batsman,Brazil,21,1,112,Draw
Player_23,Warriors,Football,13-05-2024,Forward,Brazil,92,2,61,Draw
Player_47,Panthers,Cricket,14-05-2024,Guard,India,66,9,102,Draw
Player_16,Titans,Basketball,15-05-2024,Midfielder,India,75,1,61,Draw
Player_21,Titans,Football,16-05-2024,Guard,Germany,25,12,45,Win
Player_11,Titans,Basketball,17-05-2024,Bowler,Brazil,15,12,47,Win
Player_33,Hawks,Basketball,18-05-2024,Goalkeeper,UK,50,17,112,Win
Player_10,Falcons,Cricket,19-05-2024,Batsman,Brazil,85,2,59,Draw
Player_9,Blazers,Cricket,20-05-2024,Bowler,India,56,6,72,Win
Player_41,Storm,Cricket,21-05-2024,Batsman,Brazil,28,13,110,Loss
Player_9,Panthers,Basketball,22-05-2024,Forward,UK,77,19,72,Loss
Player_2,Storm,Basketball,23-05-2024,Guard,Germany,91,16,71,Loss
Player_48,Blazers,Cricket,24-05-2024,Guard,UK,68,11,108,Loss
Player_2,Warriors,Basketball,25-05-2024,Guard,India,46,15,16,Win
Player_32,Blazers,Cricket,26-05-2024,Bowler,Brazil,93,11,36,Loss
Player_22,Titans,Football,27-05-2024,Bowler,India,61,14,101,Loss
Player_43,Storm,Football,28-05-2024,Bowler,Germany,68,9,95,Win
Player_36,Panthers,Cricket,29-05-2024,Forward,Brazil,75,6,23,Loss
Player_35,Hawks,Football,30-05-2024,Guard,India,15,19,80,Loss
Player_34,Storm,Football,31-05-2024,Forward,USA,89,4,110,Loss
Player_32,Warriors,Football,01-06-2024,Guard,India,89,0,95,Draw
Player_7,Warriors,Cricket,02-06-2024,Batsman,Brazil,47,16,14,Draw
Player_31,Falcons,Cricket,03-06-2024,Midfielder,Brazil,84,2,64,Loss
Player_8,Hawks,Basketball,04-06-2024,Midfielder,Germany,38,12,11,Win
Player_42,Falcons,Cricket,05-06-2024,Bowler,India,99,13,71,Win
Player_32,Dragons,Basketball,06-06-2024,Goalkeeper,USA,32,17,100,Win
Player_21,Hawks,Cricket,07-06-2024,Bowler,Germany,93,3,30,Win
Player_2,Falcons,Cricket,08-06-2024,Bowler,India,22,17,111,Loss
Player_42,Dragons,Cricket,09-06-2024,Guard,UK,9,4,88,Loss
Player_26,Storm,Cricket,10-06-2024,Goalkeeper,UK,68,15,30,Draw
Player_36,Dragons,Cricket,11-06-2024,Batsman,USA,99,0,19,Win
Player_15,Falcons,Cricket,12-06-2024,Forward,India,33,13,96,Loss
Player_12,Dragons,Football,13-06-2024,Batsman,UK,51,14,67,Win
Player_16,Blazers,Cricket,14-06-2024,Bowler,Germany,94,8,48,Win
Player_4,Storm,Cricket,15-06-2024,Guard,Brazil,9,14,14,Loss
Player_25,Dragons,Cricket,16-06-2024,Midfielder,Australia,18,16,74,Win
Player_8,Storm,Football,17-06-2024,Guard,India,57,3,22,Win
Player_14,Falcons,Cricket,18-06-2024,Guard,Germany,95,11,94,Draw
Player_44,Hawks,Basketball,19-06-2024,Bowler,Australia,0,4,99,Loss
Player_37,Dragons,Football,20-06-2024,Guard,USA,68,4,118,Win
Player_25,Hawks,Cricket,21-06-2024,Bowler,UK,3,10,94,Loss
Player_46,Storm,Basketball,22-06-2024,Midfielder,Australia,15,5,62,Draw
Player_8,Panthers,Football,23-06-2024,Forward,UK,23,6,91,Loss
Player_8,Warriors,Football,24-06-2024,Bowler,USA,79,13,110,Loss
Player_12,Falcons,Football,25-06-2024,Goalkeeper,UK,1,10,54,Draw
Player_49,Warriors,Basketball,26-06-2024,Guard,India,91,12,41,Draw
Player_8,Dragons,Cricket,27-06-2024,Forward,UK,31,1,45,Draw
Player_45,Dragons,Football,28-06-2024,Batsman,Brazil,90,6,90,Win
Player_44,Blazers,Basketball,29-06-2024,Goalkeeper,USA,83,19,108,Win
Player_14,Blazers,Football,30-06-2024,Guard,UK,23,3,69,Draw
Player_43,Storm,Football,01-07-2024,Midfielder,Germany,11,7,20,Win
Player_35,Hawks,Football,02-07-2024,Forward,UK,49,19,72,Loss
Player_43,Warriors,Basketball,03-07-2024,Goalkeeper,Germany,34,18,30,Win
Player_28,Blazers,Cricket,04-07-2024,Batsman,India,32,12,61,Draw
Player_38,Blazers,Basketball,05-07-2024,Bowler,Brazil,32,13,64,Loss
Player_45,Warriors,Football,06-07-2024,Batsman,USA,60,9,35,Draw
Player_47,Titans,Football,07-07-2024,Batsman,Germany,50,10,77,Draw
Player_19,Blazers,Cricket,08-07-2024,Midfielder,USA,42,1,43,Win
Player_36,Titans,Cricket,09-07-2024,Batsman,Australia,11,8,61,Win
Player_28,Warriors,Football,10-07-2024,Batsman,Brazil,66,16,91,Win
Player_38,Panthers,Basketball,11-07-2024,Goalkeeper,Brazil,64,2,113,Loss
Player_25,Dragons,Basketball,12-07-2024,Goalkeeper,USA,32,5,108,Draw
Player_20,Panthers,Football,13-07-2024,Bowler,India,39,4,114,Win
Player_15,Titans,Football,14-07-2024,Goalkeeper,Brazil,73,4,102,Draw
Player_4,Warriors,Basketball,15-07-2024,Guard,USA,42,14,61,Draw
Player_47,Warriors,Football,16-07-2024,Midfielder,Australia,43,16,38,Loss
Player_37,Hawks,Football,17-07-2024,Guard,Germany,28,8,47,Loss
Player_15,Hawks,Basketball,18-07-2024,Forward,Australia,12,2,51,Draw
Player_38,Warriors,Cricket,19-07-2024,Guard,Australia,11,19,30,Draw
Player_1,Titans,Football,20-07-2024,Forward,USA,94,16,51,Win
Player_5,Titans,Cricket,21-07-2024,Bowler,Brazil,45,9,22,Draw
Player_19,Warriors,Football,22-07-2024,Batsman,UK,1,2,114,Draw
Player_19,Titans,Basketball,23-07-2024,Forward,Australia,34,17,73,Win
Player_29,Panthers,Football,24-07-2024,Forward,USA,86,17,26,Loss
Player_29,Storm,Football,25-07-2024,Guard,Australia,80,16,18,Win
Player_14,Warriors,Cricket,26-07-2024,Midfielder,Brazil,89,2,50,Win
Player_14,Storm,Basketball,27-07-2024,Bowler,India,7,2,10,Win
Player_8,Hawks,Basketball,28-07-2024,Batsman,India,92,5,11,Draw
Player_8,Dragons,Basketball,29-07-2024,Guard,Australia,25,12,69,Draw
Player_9,Hawks,Basketball,30-07-2024,Goalkeeper,Australia,73,14,57,Win
Player_27,Storm,Basketball,31-07-2024,Midfielder,Germany,89,8,38,Draw
Player_35,Panthers,Basketball,01-08-2024,Guard,Brazil,33,3,106,Loss
Player_18,Panthers,Basketball,02-08-2024,Midfielder,USA,6,13,19,Draw
Player_50,Panthers,Football,03-08-2024,Forward,Australia,67,4,67,Win
Player_48,Dragons,Football,04-08-2024,Goalkeeper,UK,57,1,69,Draw
Player_4,Storm,Cricket,05-08-2024,Goalkeeper,UK,74,10,113,Draw
Player_41,Titans,Football,06-08-2024,Guard,India,28,8,30,Draw
Player_3,Hawks,Basketball,07-08-2024,Guard,UK,35,2,37,Draw
Player_19,Panthers,Football,08-08-2024,Batsman,Germany,88,8,84,Draw
Player_44,Falcons,Basketball,09-08-2024,Guard,UK,20,2,43,Win
Player_20,Panthers,Cricket,10-08-2024,Bowler,USA,35,1,17,Win
Player_40,Warriors,Basketball,11-08-2024,Guard,UK,9,11,68,Draw
Player_13,Hawks,Cricket,12-08-2024,Batsman,USA,72,9,95,Draw
Player_12,Hawks,Cricket,13-08-2024,Forward,Brazil,23,8,81,Loss
Player_1,Warriors,Football,14-08-2024,Batsman,USA,63,14,58,Win
Player_4,Dragons,Basketball,15-08-2024,Guard,Brazil,98,7,88,Draw
Player_18,Storm,Cricket,16-08-2024,Bowler,UK,48,4,26,Win
Player_39,Falcons,Cricket,17-08-2024,Batsman,USA,98,10,69,Win
Player_31,Falcons,Football,18-08-2024,Goalkeeper,USA,35,1,96,Win
Player_11,Panthers,Cricket,19-08-2024,Forward,Australia,81,14,97,Win
Player_49,Warriors,Cricket,20-08-2024,Guard,Brazil,95,5,54,Draw
Player_18,Blazers,Cricket,21-08-2024,Forward,India,23,7,92,Draw
Player_37,Dragons,Football,22-08-2024,Bowler,Brazil,22,4,78,Win
Player_19,Storm,Cricket,23-08-2024,Midfielder,India,61,15,41,Loss
Player_6,Panthers,Cricket,24-08-2024,Guard,Australia,95,17,53,Loss
Player_44,Storm,Football,25-08-2024,Midfielder,Germany,36,5,74,Draw
Player_48,Falcons,Basketball,26-08-2024,Midfielder,Australia,11,4,96,Loss
Player_1,Panthers,Basketball,27-08-2024,Guard,India,54,15,110,Loss
Player_49,Storm,Basketball,28-08-2024,Guard,UK,12,12,17,Loss
Player_10,Hawks,Basketball,29-08-2024,Goalkeeper,India,22,4,86,Loss
Player_12,Hawks,Cricket,30-08-2024,Goalkeeper,India,88,12,81,Draw
Player_24,Panthers,Basketball,31-08-2024,Batsman,USA,98,16,96,Win
Player_45,Panthers,Cricket,01-09-2024,Batsman,Australia,29,17,52,Draw
Player_4,Warriors,Cricket,02-09-2024,Midfielder,USA,16,7,10,Win
Player_24,Falcons,Football,03-09-2024,Forward,UK,61,12,118,Win
Player_14,Titans,Cricket,04-09-2024,Midfielder,Germany,83,18,60,Loss
Player_31,Panthers,Football,05-09-2024,Batsman,USA,88,2,33,Win
Player_15,Titans,Cricket,06-09-2024,Forward,UK,85,7,108,Draw
Player_2,Storm,Cricket,07-09-2024,Batsman,USA,12,1,33,Draw
Player_21,Storm,Football,08-09-2024,Midfielder,UK,58,7,26,Loss
Player_37,Storm,Basketball,09-09-2024,Goalkeeper,Australia,18,12,14,Loss
Player_14,Hawks,Basketball,10-09-2024,Guard,Germany,48,12,29,Win
Player_10,Storm,Cricket,11-09-2024,Guard,UK,99,0,30,Loss
Player_42,Warriors,Cricket,12-09-2024,Goalkeeper,India,11,5,113,Draw
Player_27,Storm,Basketball,13-09-2024,Goalkeeper,USA,60,18,67,Win
Player_27,Storm,Cricket,14-09-2024,Midfielder,Brazil,18,15,40,Draw
Player_21,Panthers,Basketball,15-09-2024,Forward,Australia,75,7,119,Loss
Player_45,Warriors,Football,16-09-2024,Goalkeeper,UK,8,0,109,Win
Player_28,Panthers,Football,17-09-2024,Goalkeeper,USA,70,15,20,Draw
Player_42,Titans,Cricket,18-09-2024,Midfielder,Germany,27,8,61,Draw
Player_16,Falcons,Cricket,19-09-2024,Batsman,India,77,12,24,Win
Player_44,Dragons,Cricket,20-09-2024,Goalkeeper,USA,94,10,92,Draw
Player_28,Panthers,Cricket,21-09-2024,Guard,Brazil,51,12,16,Draw
Player_10,Titans,Football,22-09-2024,Forward,UK,82,9,37,Loss
Player_38,Falcons,Football,23-09-2024,Bowler,Australia,15,3,60,Loss
Player_41,Dragons,Basketball,24-09-2024,Bowler,Australia,68,5,116,Win
Player_34,Storm,Cricket,25-09-2024,Forward,Brazil,98,6,67,Loss
Player_8,Falcons,Football,26-09-2024,Guard,Germany,11,4,14,Loss
Player_23,Hawks,Football,27-09-2024,Forward,Brazil,24,10,14,Loss
Player_40,Falcons,Basketball,28-09-2024,Goalkeeper,Germany,51,12,103,Draw
Player_22,Falcons,Basketball,29-09-2024,Guard,Brazil,84,18,105,Draw
Player_9,Warriors,Football,30-09-2024,Guard,India,99,9,17,Draw
Player_17,Warriors,Football,01-10-2024,Batsman,Germany,52,9,73,Win
Player_38,Falcons,Basketball,02-10-2024,Midfielder,India,22,10,19,Win
Player_44,Warriors,Cricket,03-10-2024,Batsman,UK,15,6,47,Draw
Player_15,Blazers,Cricket,04-10-2024,Batsman,Australia,56,17,105,Draw
Player_37,Blazers,Football,05-10-2024,Bowler,Germany,38,3,101,Win
Player_34,Titans,Football,06-10-2024,Goalkeeper,Brazil,52,1,90,Win
Player_6,Titans,Basketball,07-10-2024,Midfielder,India,41,13,104,Win
Player_46,Hawks,Cricket,08-10-2024,Guard,Germany,57,12,17,Loss
Player_26,Dragons,Cricket,09-10-2024,Midfielder,Brazil,38,11,113,Draw
Player_16,Storm,Cricket,10-10-2024,Batsman,UK,13,6,34,Draw
Player_19,Warriors,Basketball,11-10-2024,Guard,USA,94,1,82,Loss
Player_49,Blazers,Cricket,12-10-2024,Batsman,India,4,12,75,Win
Player_2,Hawks,Football,13-10-2024,Batsman,Brazil,34,13,88,Win
Player_22,Titans,Football,14-10-2024,Midfielder,Germany,86,16,59,Loss
Player_6,Dragons,Football,15-10-2024,Batsman,USA,92,8,76,Loss
Player_45,Warriors,Basketball,16-10-2024,Guard,UK,74,16,58,Win
Player_44,Titans,Football,17-10-2024,Forward,India,17,7,45,Loss
Player_36,Storm,Football,18-10-2024,Midfielder,USA,75,1,77,Loss
Player_20,Titans,Cricket,19-10-2024,Forward,India,8,12,87,Win
Player_5,Blazers,Cricket,20-10-2024,Bowler,UK,73,2,114,Loss
Player_15,Hawks,Football,21-10-2024,Batsman,USA,57,15,50,Loss
Player_31,Falcons,Basketball,22-10-2024,Guard,UK,16,5,98,Loss
Player_16,Titans,Cricket,23-10-2024,Goalkeeper,Australia,6,18,71,Win
Player_19,Blazers,Football,24-10-2024,Forward,Brazil,45,6,19,Draw
Player_14,Falcons,Football,25-10-2024,Goalkeeper,Germany,12,9,30,Draw
Player_22,Dragons,Cricket,26-10-2024,Midfielder,Brazil,39,8,45,Loss
Player_14,Dragons,Basketball,27-10-2024,Batsman,USA,41,1,21,Win
Player_8,Dragons,Basketball,28-10-2024,Midfielder,UK,8,14,100,Loss
Player_19,Hawks,Football,29-10-2024,Goalkeeper,Australia,49,4,113,Draw
Player_43,Hawks,Cricket,30-10-2024,Forward,Australia,26,3,11,Win
Player_34,Dragons,Football,31-10-2024,Goalkeeper,USA,65,19,22,Draw
Player_39,Titans,Basketball,01-11-2024,Batsman,India,4,3,62,Win
Player_12,Blazers,Football,02-11-2024,Guard,USA,28,17,41,Win
Player_32,Dragons,Cricket,03-11-2024,Forward,Brazil,36,3,104,Draw
Player_9,Falcons,Football,04-11-2024,Midfielder,Australia,37,16,25,Draw
Player_36,Storm,Cricket,05-11-2024,Bowler,Australia,82,11,41,Draw
Player_50,Blazers,Cricket,06-11-2024,Forward,Brazil,7,16,41,Draw
Player_45,Warriors,Cricket,07-11-2024,Guard,Germany,64,9,107,Draw
Player_28,Warriors,Cricket,08-11-2024,Batsman,Brazil,85,0,20,Win
Player_7,Hawks,Cricket,09-11-2024,Bowler,USA,16,17,19,Draw
Player_33,Storm,Basketball,10-11-2024,Batsman,Germany,70,17,24,Draw
Player_30,Storm,Football,11-11-2024,Midfielder,USA,88,13,26,Draw
Player_47,Panthers,Cricket,12-11-2024,Midfielder,Germany,44,14,49,Win
Player_34,Panthers,Basketball,13-11-2024,Forward,Brazil,3,11,27,Loss
Player_10,Falcons,Cricket,14-11-2024,Midfielder,Germany,35,3,64,Draw
Player_8,Titans,Basketball,15-11-2024,Bowler,UK,69,2,82,Win
Player_4,Falcons,Football,16-11-2024,Bowler,USA,30,19,34,Draw
Player_42,Hawks,Football,17-11-2024,Midfielder,Germany,18,11,113,Win
Player_6,Dragons,Football,18-11-2024,Midfielder,UK,60,6,68,Draw
Player_47,Panthers,Cricket,19-11-2024,Midfielder,USA,53,10,87,Loss
Player_13,Blazers,Cricket,20-11-2024,Goalkeeper,USA,38,0,98,Win
Player_31,Falcons,Football,21-11-2024,Batsman,Brazil,90,5,31,Win
Player_43,Panthers,Football,22-11-2024,Batsman,USA,73,14,39,Win
Player_12,Titans,Cricket,23-11-2024,Batsman,UK,89,14,93,Draw
Player_39,Panthers,Football,24-11-2024,Forward,USA,18,18,94,Draw
Player_38,Warriors,Basketball,25-11-2024,Goalkeeper,UK,38,10,53,Loss
Player_40,Titans,Basketball,26-11-2024,Batsman,UK,66,1,41,Loss
Player_48,Warriors,Cricket,27-11-2024,Midfielder,USA,44,13,60,Draw
Player_19,Hawks,Football,28-11-2024,Goalkeeper,UK,12,1,55,Loss
Player_6,Titans,Basketball,29-11-2024,Goalkeeper,Australia,91,3,30,Loss
Player_14,Storm,Basketball,30-11-2024,Bowler,Germany,57,16,108,Draw
Player_25,Warriors,Cricket,01-12-2024,Bowler,USA,19,2,41,Loss
Player_25,Storm,Football,02-12-2024,Guard,Germany,91,12,103,Win
Player_45,Panthers,Cricket,03-12-2024,Goalkeeper,Germany,71,8,48,Win
Player_37,Blazers,Basketball,04-12-2024,Bowler,India,60,6,21,Draw
Player_12,Storm,Cricket,05-12-2024,Batsman,USA,38,14,114,Draw
Player_26,Blazers,Basketball,06-12-2024,Guard,Australia,0,10,56,Draw
Player_37,Panthers,Cricket,07-12-2024,Guard,UK,2,19,27,Loss
Player_17,Blazers,Cricket,08-12-2024,Midfielder,Germany,76,1,30,Loss
Player_16,Warriors,Football,09-12-2024,Batsman,USA,91,14,22,Loss
Player_9,Panthers,Basketball,10-12-2024,Forward,Australia,61,13,30,Loss
Player_27,Warriors,Basketball,11-12-2024,Bowler,USA,62,19,17,Draw
Player_34,Falcons,Basketball,12-12-2024,Batsman,UK,24,10,55,Draw
Player_35,Blazers,Cricket,13-12-2024,Forward,India,55,2,113,Draw
Player_33,Dragons,Football,14-12-2024,Goalkeeper,Australia,32,16,119,Win
Player_45,Storm,Cricket,15-12-2024,Midfielder,Germany,37,11,16,Win
Player_13,Warriors,Basketball,16-12-2024,Midfielder,India,5,14,32,Win
Player_43,Titans,Football,17-12-2024,Goalkeeper,India,57,15,117,Draw
Player_23,Panthers,Cricket,18-12-2024,Batsman,India,43,4,105,Loss
Player_14,Storm,Football,19-12-2024,Batsman,Brazil,44,19,84,Draw
Player_45,Storm,Basketball,20-12-2024,Midfielder,Australia,31,5,95,Draw
Player_6,Hawks,Football,21-12-2024,Midfielder,UK,44,18,31,Loss
Player_15,Storm,Football,22-12-2024,Forward,India,60,4,116,Loss
Player_34,Blazers,Cricket,23-12-2024,Goalkeeper,UK,46,2,98,Win
Player_29,Falcons,Cricket,24-12-2024,Midfielder,Germany,20,0,31,Draw
Player_6,Blazers,Football,25-12-2024,Batsman,Brazil,79,5,101,Draw
Player_38,Dragons,Football,26-12-2024,Midfielder,India,84,14,38,Win
Player_49,Falcons,Cricket,27-12-2024,Forward,UK,74,1,22,Loss
Player_9,Panthers,Cricket,28-12-2024,Goalkeeper,UK,35,2,91,Loss
Player_4,Blazers,Football,29-12-2024,Midfielder,Australia,98,16,11,Loss
Player_1,Warriors,Basketball,30-12-2024,Forward,USA,18,11,38,Win
Player_43,Hawks,Basketball,31-12-2024,Guard,Germany,19,17,94,Draw
Player_25,Warriors,Basketball,01-01-2025,Batsman,Brazil,56,14,88,Win
Player_5,Dragons,Basketball,02-01-2025,Goalkeeper,UK,17,11,61,Loss
Player_4,Hawks,Cricket,03-01-2025,Bowler,India,46,15,36,Loss
Player_11,Blazers,Cricket,04-01-2025,Guard,Germany,48,7,59,Win
Player_21,Dragons,Basketball,05-01-2025,Bowler,Brazil,13,13,104,Draw
Player_5,Storm,Football,06-01-2025,Goalkeeper,India,14,16,88,Loss
Player_40,Warriors,Basketball,07-01-2025,Midfielder,UK,30,7,32,Draw
Player_34,Dragons,Basketball,08-01-2025,Forward,Brazil,0,14,97,Win
Player_18,Blazers,Football,09-01-2025,Midfielder,India,53,13,53,Win
Player_37,Blazers,Football,10-01-2025,Goalkeeper,USA,2,17,86,Win
Player_48,Titans,Basketball,11-01-2025,Goalkeeper,Germany,15,19,31,Loss
Player_47,Falcons,Football,12-01-2025,Guard,India,86,6,52,Draw
Player_35,Dragons,Football,13-01-2025,Guard,Australia,56,2,46,Draw
Player_10,Panthers,Cricket,14-01-2025,Midfielder,Germany,74,11,70,Draw
Player_33,Hawks,Football,15-01-2025,Goalkeeper,USA,11,2,106,Draw
Player_24,Storm,Cricket,16-01-2025,Goalkeeper,Germany,73,19,65,Win
Player_6,Titans,Basketball,17-01-2025,Goalkeeper,India,95,13,12,Win
Player_45,Warriors,Cricket,18-01-2025,Goalkeeper,Germany,15,14,72,Draw
Player_24,Titans,Basketball,19-01-2025,Batsman,India,71,13,28,Draw
Player_19,Blazers,Cricket,20-01-2025,Forward,Germany,75,6,32,Loss
Player_21,Hawks,Cricket,21-01-2025,Batsman,Brazil,23,16,38,Win
Player_17,Storm,Football,22-01-2025,Batsman,India,27,11,39,Win
Player_20,Dragons,Cricket,23-01-2025,Guard,Australia,7,19,48,Win
Player_9,Hawks,Basketball,24-01-2025,Batsman,Germany,91,3,117,Win
Player_18,Falcons,Basketball,25-01-2025,Midfielder,USA,35,8,34,Win
Player_17,Panthers,Football,26-01-2025,Midfielder,UK,89,5,110,Loss
Player_50,Storm,Football,27-01-2025,Midfielder,USA,7,15,17,Loss
Player_16,Storm,Basketball,28-01-2025,Batsman,USA,57,1,115,Loss
Player_20,Storm,Cricket,29-01-2025,Midfielder,Brazil,59,7,67,Draw
Player_7,Storm,Football,30-01-2025,Midfielder,Australia,49,10,25,Loss
Player_36,Hawks,Cricket,31-01-2025,Bowler,Brazil,27,12,81,Win
Player_4,Dragons,Basketball,01-02-2025,Goalkeeper,UK,91,16,10,Win
Player_37,Hawks,Basketball,02-02-2025,Goalkeeper,India,40,7,117,Win
Player_23,Titans,Basketball,03-02-2025,Batsman,Germany,99,17,14,Win
Player_36,Panthers,Basketball,04-02-2025,Forward,Brazil,63,17,12,Loss
Player_43,Titans,Football,05-02-2025,Forward,India,26,13,74,Loss
Player_12,Panthers,Cricket,06-02-2025,Midfielder,India,62,14,13,Win
Player_36,Dragons,Basketball,07-02-2025,Bowler,Brazil,16,5,113,Draw
Player_37,Hawks,Cricket,08-02-2025,Forward,India,72,10,108,Draw
Player_20,Storm,Cricket,09-02-2025,Midfielder,Brazil,32,12,105,Win
Player_37,Hawks,Cricket,10-02-2025,Bowler,Germany,83,0,73,Draw
Player_1,Panthers,Basketball,11-02-2025,Midfielder,USA,76,5,115,Win
Player_2,Hawks,Cricket,12-02-2025,Bowler,UK,91,8,107,Draw
Player_42,Panthers,Basketball,13-02-2025,Batsman,Australia,28,7,116,Win
Player_37,Titans,Cricket,14-02-2025,Guard,Australia,12,10,98,Win
Player_44,Warriors,Basketball,15-02-2025,Midfielder,UK,45,18,19,Loss
Player_41,Blazers,Basketball,16-02-2025,Bowler,Australia,34,8,30,Win
Player_41,Warriors,Basketball,17-02-2025,Bowler,Brazil,5,16,55,Draw
Player_21,Storm,Cricket,18-02-2025,Goalkeeper,Australia,81,11,112,Loss
Player_13,Panthers,Basketball,19-02-2025,Goalkeeper,Germany,68,13,100,Win
Player_29,Blazers,Football,20-02-2025,Guard,India,46,14,36,Loss
Player_33,Warriors,Basketball,21-02-2025,Guard,India,24,15,75,Draw
Player_32,Dragons,Football,22-02-2025,Goalkeeper,India,65,19,50,Draw
Player_18,Titans,Basketball,23-02-2025,Guard,USA,9,0,22,Loss
Player_3,Titans,Cricket,24-02-2025,Forward,Australia,55,9,18,Draw
Player_50,Dragons,Football,25-02-2025,Guard,USA,29,7,45,Loss
Player_13,Hawks,Basketball,26-02-2025,Goalkeeper,Brazil,4,17,95,Win
Player_21,Falcons,Cricket,27-02-2025,Guard,UK,32,0,115,Loss
Player_30,Dragons,Football,28-02-2025,Forward,USA,64,1,99,Win
Player_2,Warriors,Cricket,01-03-2025,Midfielder,UK,17,0,67,Loss
Player_4,Dragons,Cricket,02-03-2025,Midfielder,India,95,0,63,Win
Player_42,Blazers,Football,03-03-2025,Guard,India,48,8,21,Draw
Player_49,Titans,Football,04-03-2025,Guard,Germany,10,12,90,Win
Player_25,Titans,Cricket,05-03-2025,Batsman,Brazil,84,0,87,Loss
Player_25,Storm,Football,06-03-2025,Midfielder,India,25,12,23,Draw
Player_25,Storm,Cricket,07-03-2025,Batsman,India,62,19,43,Win
Player_11,Hawks,Football,08-03-2025,Batsman,Brazil,88,6,62,Loss
Player_43,Warriors,Cricket,09-03-2025,Goalkeeper,Germany,85,1,29,Loss
Player_50,Panthers,Basketball,10-03-2025,Forward,Australia,58,5,84,Loss
Player_18,Storm,Basketball,11-03-2025,Bowler,UK,26,6,25,Loss
Player_34,Dragons,Cricket,12-03-2025,Bowler,USA,48,13,104,Draw
Player_3,Hawks,Basketball,13-03-2025,Batsman,Australia,76,17,79,Draw
Player_13,Storm,Football,14-03-2025,Batsman,Germany,32,14,65,Loss
Player_21,Blazers,Cricket,15-03-2025,Guard,UK,97,1,92,Loss
Player_15,Warriors,Basketball,16-03-2025,Guard,India,98,9,110,Loss
Player_19,Warriors,Football,17-03-2025,Batsman,Brazil,0,11,67,Win
Player_33,Hawks,Football,18-03-2025,Goalkeeper,Australia,20,16,13,Loss
Player_45,Hawks,Football,19-03-2025,Forward,Germany,54,7,13,Draw
Player_48,Falcons,Cricket,20-03-2025,Guard,India,5,10,29,Loss
Player_50,Hawks,Basketball,21-03-2025,Batsman,UK,91,2,19,Loss
Player_21,Hawks,Basketball,22-03-2025,Batsman,USA,80,5,33,Draw
Player_34,Titans,Football,23-03-2025,Goalkeeper,Australia,68,8,108,Win
Player_17,Storm,Basketball,24-03-2025,Bowler,Brazil,94,5,35,Loss
Player_8,Hawks,Cricket,25-03-2025,Bowler,UK,4,8,46,Loss
Player_24,Panthers,Football,26-03-2025,Midfielder,India,2,6,111,Win
Player_32,Panthers,Football,27-03-2025,Guard,UK,52,8,94,Loss
Player_10,Titans,Basketball,28-03-2025,Bowler,Germany,22,17,63,Draw
Player_12,Dragons,Basketball,29-03-2025,Guard,Australia,52,11,113,Loss
Player_50,Panthers,Basketball,30-03-2025,Goalkeeper,USA,36,7,112,Draw
Player_9,Titans,Football,31-03-2025,Goalkeeper,Australia,73,7,30,Draw
Player_15,Hawks,Cricket,01-04-2025,Goalkeeper,Brazil,73,17,83,Loss
Player_8,Panthers,Basketball,02-04-2025,Goalkeeper,Australia,82,19,47,Loss
Player_45,Hawks,Football,03-04-2025,Bowler,USA,16,14,55,Draw
Player_3,Blazers,Basketball,04-04-2025,Batsman,Germany,84,6,13,Win
Player_12,Titans,Basketball,05-04-2025,Batsman,Germany,77,10,69,Win
Player_12,Warriors,Cricket,06-04-2025,Bowler,Australia,72,19,66,Win
Player_32,Falcons,Cricket,07-04-2025,Guard,Australia,0,15,54,Loss
Player_11,Blazers,Basketball,08-04-2025,Batsman,Australia,50,3,29,Win
Player_2,Dragons,Basketball,09-04-2025,Forward,India,44,5,26,Draw
Player_39,Dragons,Cricket,10-04-2025,Bowler,India,76,2,80,Loss
Player_13,Storm,Football,11-04-2025,Bowler,Germany,3,8,13,Draw
Player_47,Dragons,Basketball,12-04-2025,Forward,USA,61,9,102,Loss
Player_1,Panthers,Cricket,13-04-2025,Batsman,UK,64,13,23,Loss
Player_4,Warriors,Football,14-04-2025,Batsman,USA,31,10,12,Draw
Player_41,Dragons,Football,15-04-2025,Midfielder,USA,33,17,97,Win
Player_4,Blazers,Cricket,16-04-2025,Guard,Australia,91,11,110,Draw
Player_39,Panthers,Football,17-04-2025,Batsman,USA,94,11,89,Win
Player_34,Storm,Cricket,18-04-2025,Midfielder,USA,71,12,67,Win
Player_4,Falcons,Football,19-04-2025,Forward,India,38,12,64,Draw
Player_5,Panthers,Basketball,20-04-2025,Goalkeeper,Brazil,25,18,13,Win
Player_50,Dragons,Basketball,21-04-2025,Midfielder,Brazil,33,18,33,Win
Player_11,Falcons,Basketball,22-04-2025,Goalkeeper,India,53,13,43,Loss
Player_35,Panthers,Cricket,23-04-2025,Forward,Australia,2,3,39,Win
Player_12,Panthers,Football,24-04-2025,Midfielder,Germany,49,12,91,Loss
Player_8,Hawks,Football,25-04-2025,Forward,Australia,11,7,28,Loss
Player_50,Titans,Basketball,26-04-2025,Midfielder,Germany,64,18,40,Draw
Player_10,Warriors,Cricket,27-04-2025,Bowler,USA,53,11,69,Draw
Player_28,Blazers,Basketball,28-04-2025,Batsman,Australia,4,17,69,Loss
Player_12,Blazers,Basketball,29-04-2025,Midfielder,USA,93,5,28,Draw
Player_22,Storm,Football,30-04-2025,Batsman,USA,93,17,58,Loss
Player_46,Titans,Cricket,01-05-2025,Goalkeeper,USA,56,18,72,Win
Player_34,Storm,Football,02-05-2025,Goalkeeper,USA,16,4,119,Loss
Player_14,Dragons,Cricket,03-05-2025,Forward,India,46,8,92,Win
Player_30,Titans,Football,04-05-2025,Forward,Germany,22,2,31,Loss
Player_7,Dragons,Basketball,05-05-2025,Bowler,USA,78,9,33,Win
Player_22,Titans,Football,06-05-2025,Bowler,Australia,84,18,118,Loss
Player_41,Panthers,Basketball,07-05-2025,Midfielder,Australia,13,2,85,Win
Player_47,Panthers,Cricket,08-05-2025,Guard,India,65,14,39,Win
Player_17,Falcons,Basketball,09-05-2025,Guard,Australia,74,0,67,Draw
Player_27,Hawks,Cricket,10-05-2025,Forward,Germany,50,6,111,Win
Player_18,Hawks,Basketball,11-05-2025,Goalkeeper,India,37,11,40,Draw
Player_5,Storm,Cricket,12-05-2025,Guard,India,63,16,109,Win
Player_50,Warriors,Cricket,13-05-2025,Guard,Brazil,97,19,73,Loss
Player_49,Warriors,Basketball,14-05-2025,Bowler,USA,37,4,28,Loss
Player_29,Storm,Basketball,15-05-2025,Bowler,UK,49,3,57,Win
Player_25,Warriors,Football,16-05-2025,Forward,UK,97,11,54,Loss
Player_47,Hawks,Football,17-05-2025,Forward,India,81,19,109,Win
Player_48,Falcons,Football,18-05-2025,Goalkeeper,UK,29,17,103,Win
Player_3,Blazers,Basketball,19-05-2025,Goalkeeper,UK,78,16,64,Loss
Player_50,Hawks,Basketball,20-05-2025,Midfielder,Australia,90,18,64,Win
Player_48,Titans,Football,21-05-2025,Batsman,Brazil,50,8,106,Draw
Player_41,Falcons,Cricket,22-05-2025,Batsman,Brazil,62,3,27,Win
Player_41,Panthers,Basketball,23-05-2025,Midfielder,Australia,97,1,72,Loss
Player_45,Blazers,Basketball,24-05-2025,Bowler,Australia,51,3,101,Loss
Player_7,Blazers,Cricket,25-05-2025,Batsman,USA,37,1,56,Loss
Player_22,Dragons,Cricket,26-05-2025,Batsman,Germany,96,14,84,Win
Player_23,Blazers,Football,27-05-2025,Goalkeeper,USA,87,1,66,Win
Player_5,Titans,Basketball,28-05-2025,Forward,Germany,78,3,54,Loss
Player_26,Hawks,Football,29-05-2025,Bowler,USA,29,5,42,Win
Player_20,Falcons,Cricket,30-05-2025,Batsman,UK,50,6,26,Loss
Player_11,Falcons,Football,31-05-2025,Guard,Germany,80,9,79,Draw
Player_18,Titans,Basketball,01-06-2025,Midfielder,Brazil,4,18,13,Draw
Player_14,Titans,Cricket,02-06-2025,Goalkeeper,India,28,18,29,Loss
Player_17,Warriors,Cricket,03-06-2025,Guard,Australia,3,11,56,Win
Player_7,Storm,Basketball,04-06-2025,Batsman,India,9,2,100,Win
Player_14,Falcons,Football,05-06-2025,Bowler,India,55,12,24,Win
Player_8,Titans,Football,06-06-2025,Batsman,UK,16,17,79,Loss
Player_50,Falcons,Basketball,07-06-2025,Batsman,USA,73,7,56,Win
Player_8,Panthers,Basketball,08-06-2025,Bowler,India,16,14,87,Draw
Player_18,Hawks,Football,09-06-2025,Guard,Brazil,83,0,84,Loss
Player_47,Dragons,Football,10-06-2025,Batsman,Australia,87,2,112,Loss
Player_48,Panthers,Football,11-06-2025,Batsman,India,68,7,18,Loss
Player_24,Blazers,Cricket,12-06-2025,Midfielder,India,33,3,99,Draw
Player_47,Panthers,Football,13-06-2025,Guard,Brazil,5,15,25,Loss
Player_35,Storm,Basketball,14-06-2025,Midfielder,USA,52,9,78,Draw
Player_14,Hawks,Football,15-06-2025,Forward,Brazil,65,11,70,Draw
Player_46,Blazers,Football,16-06-2025,Forward,India,76,13,19,Loss
Player_44,Hawks,Football,17-06-2025,Guard,UK,42,13,59,Draw
Player_37,Falcons,Football,18-06-2025,Goalkeeper,USA,74,1,12,Draw
Player_34,Falcons,Cricket,19-06-2025,Midfielder,UK,22,4,86,Draw
Player_28,Panthers,Football,20-06-2025,Batsman,India,54,4,116,Loss
Player_19,Dragons,Football,21-06-2025,Forward,UK,79,5,103,Win
Player_19,Warriors,Basketball,22-06-2025,Goalkeeper,Germany,94,12,118,Draw
Player_41,Panthers,Football,23-06-2025,Forward,Australia,74,8,79,Loss
Player_43,Dragons,Basketball,24-06-2025,Forward,Germany,15,14,90,Draw
Player_41,Blazers,Football,25-06-2025,Batsman,Germany,7,13,118,Win
Player_9,Hawks,Cricket,26-06-2025,Guard,Brazil,3,6,60,Draw
Player_20,Warriors,Basketball,27-06-2025,Guard,Australia,3,19,28,Loss
Player_23,Falcons,Cricket,28-06-2025,Bowler,USA,55,1,51,Loss
Player_31,Blazers,Football,29-06-2025,Bowler,Brazil,24,6,44,Draw
Player_40,Dragons,Basketball,30-06-2025,Guard,Germany,66,5,55,Loss
Player_34,Blazers,Basketball,01-07-2025,Guard,UK,95,16,35,Draw
Player_46,Storm,Football,02-07-2025,Goalkeeper,UK,66,1,78,Draw
Player_6,Warriors,Football,03-07-2025,Guard,USA,26,2,102,Win
Player_38,Warriors,Basketball,04-07-2025,Bowler,UK,92,4,73,Draw
Player_43,Warriors,Cricket,05-07-2025,Bowler,UK,31,4,46,Loss
Player_50,Hawks,Football,06-07-2025,Midfielder,Brazil,49,0,93,Loss
Player_47,Hawks,Basketball,07-07-2025,Batsman,Brazil,60,7,58,Loss
Player_29,Hawks,Basketball,08-07-2025,Bowler,UK,50,11,30,Win
Player_25,Warriors,Cricket,09-07-2025,Goalkeeper,Australia,18,3,83,Loss
Player_47,Panthers,Cricket,10-07-2025,Batsman,India,20,12,73,Draw
Player_14,Falcons,Basketball,11-07-2025,Goalkeeper,Germany,4,14,14,Win
Player_15,Blazers,Football,12-07-2025,Bowler,Brazil,81,10,109,Win
Player_50,Blazers,Basketball,13-07-2025,Forward,UK,91,9,79,Loss
Player_39,Falcons,Basketball,14-07-2025,Batsman,UK,41,2,99,Draw
Player_39,Titans,Basketball,15-07-2025,Midfielder,Germany,60,13,13,Win
Player_41,Dragons,Basketball,16-07-2025,Forward,Brazil,21,15,112,Win
Player_13,Falcons,Football,17-07-2025,Bowler,Brazil,20,9,48,Loss
Player_4,Titans,Cricket,18-07-2025,Bowler,USA,69,9,44,Win
Player_8,Panthers,Cricket,19-07-2025,Forward,UK,0,11,10,Win
Player_35,Falcons,Cricket,20-07-2025,Midfielder,India,4,8,33,Draw
Player_8,Dragons,Football,21-07-2025,Batsman,India,11,0,66,Draw
Player_24,Storm,Cricket,22-07-2025,Goalkeeper,UK,89,4,109,Loss
Player_3,Falcons,Cricket,23-07-2025,Midfielder,Brazil,45,19,79,Win
Player_20,Blazers,Football,24-07-2025,Bowler,India,33,7,50,Loss
Player_15,Titans,Football,25-07-2025,Batsman,USA,48,10,63,Win
Player_16,Blazers,Cricket,26-07-2025,Guard,India,77,11,55,Loss
Player_11,Dragons,Basketball,27-07-2025,Goalkeeper,Brazil,89,0,69,Loss
Player_42,Falcons,Basketball,28-07-2025,Bowler,UK,44,19,117,Draw
Player_35,Hawks,Cricket,29-07-2025,Midfielder,Australia,26,10,69,Win
Player_24,Hawks,Basketball,30-07-2025,Batsman,India,72,4,66,Loss
Player_7,Storm,Basketball,31-07-2025,Batsman,USA,25,14,40,Win
Player_20,Titans,Football,01-08-2025,Goalkeeper,Germany,46,4,93,Win
Player_38,Falcons,Basketball,02-08-2025,Forward,Brazil,85,11,33,Draw
Player_17,Falcons,Basketball,03-08-2025,Bowler,UK,55,4,98,Loss
Player_38,Titans,Football,04-08-2025,Goalkeeper,India,93,16,45,Win
Player_10,Titans,Basketball,05-08-2025,Forward,Australia,62,16,94,Draw
Player_37,Warriors,Basketball,06-08-2025,Midfielder,Brazil,47,11,39,Draw
Player_36,Hawks,Football,07-08-2025,Batsman,UK,60,14,33,Draw
Player_46,Dragons,Basketball,08-08-2025,Goalkeeper,Brazil,80,14,117,Draw
Player_37,Panthers,Cricket,09-08-2025,Forward,Australia,25,5,115,Draw
Player_3,Titans,Basketball,10-08-2025,Bowler,UK,35,11,39,Draw
Player_36,Dragons,Cricket,11-08-2025,Bowler,India,0,19,95,Loss
Player_34,Warriors,Basketball,12-08-2025,Forward,India,7,17,101,Win
Player_8,Titans,Basketball,13-08-2025,Bowler,India,98,13,16,Draw
Player_47,Warriors,Football,14-08-2025,Guard,UK,51,1,44,Loss
Player_21,Warriors,Football,15-08-2025,Bowler,UK,78,8,64,Draw
Player_46,Blazers,Basketball,16-08-2025,Bowler,India,46,4,101,Loss
Player_17,Falcons,Basketball,17-08-2025,Goalkeeper,UK,55,19,23,Loss
Player_26,Dragons,Basketball,18-08-2025,Midfielder,Germany,85,0,19,Draw
Player_25,Warriors,Football,19-08-2025,Midfielder,Germany,13,2,89,Draw
Player_21,Blazers,Football,20-08-2025,Goalkeeper,USA,89,5,25,Win
Player_28,Hawks,Basketball,21-08-2025,Midfielder,UK,27,4,63,Win
Player_4,Storm,Football,22-08-2025,Guard,Germany,86,4,104,Win
Player_8,Dragons,Basketball,23-08-2025,Midfielder,USA,77,0,115,Draw
Player_13,Panthers,Basketball,24-08-2025,Goalkeeper,Germany,87,16,98,Win
Player_6,Warriors,Basketball,25-08-2025,Goalkeeper,India,1,18,86,Draw
Player_6,Dragons,Basketball,26-08-2025,Goalkeeper,Germany,25,13,79,Loss
Player_35,Warriors,Cricket,27-08-2025,Bowler,USA,13,11,53,Win
Player_37,Storm,Cricket,28-08-2025,Goalkeeper,Brazil,58,9,82,Win
Player_23,Titans,Cricket,29-08-2025,Midfielder,USA,55,19,54,Win
Player_16,Panthers,Football,30-08-2025,Goalkeeper,Germany,6,17,109,Loss
Player_41,Falcons,Basketball,31-08-2025,Forward,USA,2,10,65,Loss
Player_16,Titans,Cricket,01-09-2025,Forward,UK,22,1,116,Loss
Player_45,Hawks,Basketball,02-09-2025,Bowler,UK,17,17,93,Win
Player_5,Blazers,Football,03-09-2025,Guard,India,37,6,91,Win
Player_13,Blazers,Football,04-09-2025,Guard,Germany,98,14,116,Win
Player_41,Storm,Football,05-09-2025,Guard,USA,14,10,66,Loss
Player_25,Warriors,Basketball,06-09-2025,Goalkeeper,India,63,17,30,Win
Player_20,Titans,Cricket,07-09-2025,Midfielder,Brazil,88,11,77,Loss
Player_43,Storm,Football,08-09-2025,Goalkeeper,USA,27,5,59,Loss
Player_35,Titans,Cricket,09-09-2025,Goalkeeper,Brazil,73,19,42,Draw
Player_44,Falcons,Cricket,10-09-2025,Midfielder,Brazil,38,12,100,Loss
Player_48,Hawks,Basketball,11-09-2025,Goalkeeper,India,56,19,16,Draw
Player_37,Blazers,Basketball,12-09-2025,Guard,Brazil,16,15,79,Draw
Player_47,Falcons,Cricket,13-09-2025,Goalkeeper,Australia,85,17,24,Draw
Player_34,Titans,Cricket,14-09-2025,Goalkeeper,Germany,89,9,91,Loss
Player_39,Panthers,Football,15-09-2025,Bowler,Germany,43,7,41,Draw
Player_36,Titans,Football,16-09-2025,Batsman,Brazil,24,17,84,Win
Player_45,Warriors,Football,17-09-2025,Guard,Australia,16,0,29,Win
Player_6,Hawks,Basketball,18-09-2025,Midfielder,USA,12,7,97,Loss
Player_1,Warriors,Basketball,19-09-2025,Bowler,USA,83,5,24,Win
Player_25,Warriors,Cricket,20-09-2025,Guard,UK,24,4,57,Draw
Player_12,Titans,Cricket,21-09-2025,Goalkeeper,Brazil,67,14,80,Loss
Player_26,Storm,Basketball,22-09-2025,Bowler,Australia,9,14,30,Win
Player_41,Dragons,Basketball,23-09-2025,Bowler,Australia,66,1,51,Win
Player_48,Blazers,Cricket,24-09-2025,Goalkeeper,USA,17,0,35,Win
Player_20,Warriors,Cricket,25-09-2025,Goalkeeper,Germany,99,10,117,Draw
Player_26,Falcons,Football,26-09-2025,Batsman,India,85,9,23,Loss
